DocType: Commission Agent Report,% Amount Billed,% Сумма счета
DocType: Commission Agent Report,% of materials billed against this Sales Order,"% материалов, выставленных на счет этой Сделки"
DocType: WB Settings,AE,AE
DocType: Agreement,AGR-.YYYY.-,AGR-.YYYY.-
DocType: WB Settings,AU,Австралия
DocType: WB Settings,AWS Access Key ID,Идентификатор ключа доступа AWS
DocType: Agreement,Accounts User,Пользователь Учетных записей
DocType: Label Printing Item,Actual Qty,Факт. кол-во
DocType: WB Sales,Actual price from the order,Актуальная цена из заказа
apps/trava_erpnext/trava_erpnext/sale_commission/doctype/commission_agent_report/commission_agent_report.js,Actual type tax cannot be included in Item rate in row {0},Фактический тип налога не может быть включён в стоимость продукта в строке {0}
apps/trava_erpnext/trava_erpnext/sale_commission/doctype/commission_agent_report/commission_agent_report_list.js,Add Report Commission,Добавить комиссию за отчет
DocType: Commission Agent Report,Address,Адрес
DocType: Commission Agent Report,Address and Contact,Адрес и контакт
DocType: Label Printing,Administrator,Администратор
DocType: Commission Agent Report,Advance Paid,Авансовая выплата
DocType: WB Settings,After Date,После даты
DocType: Commission Agent Report Item,Against Blanket Order,Против бланкетного приказа
apps/trava_erpnext/trava_erpnext/public/js/sales_order.js,Against Default Supplier,Против дефолтного поставщика
DocType: WB Sales by Sales,Agreed discount,Согласованная скидка
DocType: WB Sales by Sales,Agreed grocery discount,Согласованная скидка на продукты
DocType: WB Sales,Agreed regular customer discount(SPP),Согласованная скидка для постоянных клиентов (SPP)
DocType: Agreement,Agreement,Соглашение
DocType: Agreement,Agreement Type,Тип соглашения
DocType: Commission Agent Report,Agreement type,Тип соглашения
DocType: WB Settings,Always sync your products from Amazon MWS before synching the Orders details,Всегда синхронизируйте свои продукты с Amazon MWS перед синхронизацией деталей заказов.
Custom Field - label: Item-amazon_item_code,Amazon Item Code,Код товара Amazon
Custom Field - label: Sales Order-amazon_order_id,Amazon Order ID,Идентификатор заказа Amazon
DocType: WB Settings,Amazon will synch data updated after this date,"Amazon будет синхронизировать данные, обновленные после этой даты"
DocType: Agreement,Amended From,Измененный С
DocType: Commission Agent Report Item,Amount,Сумма
DocType: Commission Agent Report Item,Amount (Company Currency),Сумма (Компания Валюта)
apps/trava_erpnext/trava_erpnext/wb_selling/report/wb_summary_report/wb_summary_report.py,Amount commission WB,Сумма комиссии ВБ
DocType: WB Sales by Sales,Amount of the sales Commission,Размер комиссии за продажу
DocType: Commission Agent Report,Amount principal,Сумма основного долга
DocType: Commission Agent Report,Amount principal (Company Currency),Основная сумма (валюта компании)
apps/trava_erpnext/trava_erpnext/wb_selling/report/wb_summary_report/wb_summary_report.py,Amount purchases,Сумма покупок
apps/trava_erpnext/trava_erpnext/wb_selling/report/wb_sales_by_sales_report/wb_sales_by_sales_report.py,Amount sales Commission,Сумма комиссии за продажу
DocType: WB Sales,An agreed discount on the product,Согласованная скидка на товар
apps/trava_erpnext/trava_erpnext/sale_commission/doctype/commission_agent_report/commission_agent_report.js,An error occurred during the update process,Произошла ошибка во время процесса обновления
apps/trava_erpnext/trava_erpnext/sale_commission/report/commission_goods/commission_goods.js,Any,Любой
DocType: WB Sales,Approved promo code,Подтвержденный промокод
DocType: WB Orders,Area,Площадь
Custom Field - label: Item-article,Article,Статья
DocType: WB Sales by Sales,Article number,Номер статьи
DocType: Commission Agent Report,Auto Repeat,Автоматическое повторение
DocType: Commission Agent Report,Auto Repeat Section,Секция автоматического повтора
apps/trava_erpnext/trava_erpnext/sale_commission/doctype/commission_agent_report/commission_agent_report.js,Auto repeat document updated,Автоматический повторный документ обновлен
DocType: Commission Agent Report Item,Award,Награда
DocType: Commission Agent Report Item,Award (Company Currency),Премия (валюта компании)
Custom Field - label: Bank-bik,BIK,БИК
apps/trava_erpnext/trava_erpnext/public/js/sales_order.js,BOM,ВМ
DocType: Commission Agent Report Item,BOM No,ВМ №
DocType: WB Settings,BR,BR
DocType: WB Orders,Barcode,Штрих-код
DocType: Commission Agent Report Item,Basic Rate (Company Currency),Основная ставка (валюта компании)
DocType: Commission Agent Report Item,Billed Amt,Счетов выдано кол-во
DocType: Commission Agent Report,Billing  Status,Статус выставления счетов
DocType: Commission Agent Report,Billing Status,Статус оплаты
DocType: Commission Agent Report Item,Blanket Order,Заказать одеяло
DocType: Commission Agent Report Item,Blanket Order Rate,Стоимость заказа на одеяло
DocType: WB Orders,Brand,Бренд
DocType: Commission Agent Report Item,Brand Name,Имя бренда
DocType: WB Settings,CA,Калифорния
DocType: WB Settings,CN,CN
DocType: Commission Agent Report,COM-.YYYY.-,COM-.ГГГГ.-
apps/trava_erpnext/trava_erpnext/wb_selling/report/wb_summary_report/wb_summary_report.py,Calculated net profit,Расчетная чистая прибыль
apps/trava_erpnext/trava_erpnext/wb_selling/report/wb_summary_report/wb_summary_report.py,Calculated net profit percent,Расчетный процент чистой прибыли
apps/trava_erpnext/trava_erpnext/wb_selling/report/wb_summary_report/wb_summary_report.py,Calculated remuneration to the supplier,Расчетное вознаграждение поставщику
apps/trava_erpnext/trava_erpnext/wb_selling/report/wb_price/wb_price.js,Calculation of the new price with discounts from the new retail price(default calculation from the standard price),Расчет новой цены с учетом скидок от новой розничной цены (расчет по умолчанию от стандартной цены)
DocType: Commission Agent Report,Campaign,Кампания
apps/trava_erpnext/trava_erpnext/sale_commission/doctype/commission_agent_report/commission_agent_report.py,Can only make payment against unbilled {0},Могу только осуществить платеж против нефактурированных {0}
apps/trava_erpnext/trava_erpnext/sale_commission/doctype/commission_agent_report/commission_agent_report.js,Can refer row only if the charge type is 'On Previous Row Amount' or 'Previous Row Total',"Можете обратиться строку, только если тип заряда «О Предыдущая сумма Row» или «Предыдущая Row Всего"""
DocType: Commission Agent Report,Cancelled,Отменено
apps/trava_erpnext/trava_erpnext/public/js/packing_slip.js,Cannot find Item with this Barcode,Не удается найти товар с этим штрих-кодом
apps/trava_erpnext/trava_erpnext/sale_commission/doctype/commission_agent_report/commission_agent_report.js,Cannot refer row number greater than or equal to current row number for this Charge type,"Не можете обратиться номер строки, превышающую или равную текущему номеру строки для этого типа зарядки"
apps/trava_erpnext/trava_erpnext/sale_commission/doctype/commission_agent_report/commission_agent_report.js,Cannot select charge type as 'On Previous Row Amount' or 'On Previous Row Total' for first row,"Невозможно выбрать тип заряда, как «О предыдущего ряда Сумма» или «О предыдущего ряда Всего 'для первой строки"
DocType: WB Deductions,Category,Категория
DocType: WB Settings,Check this to enable a scheduled Daily synchronization routine via scheduler,"Проверьте это, чтобы включить запланированную ежедневную процедуру синхронизации через планировщик"
DocType: WB Settings,Click this button to pull your Sales Order data from Amazon MWS.,"Нажмите эту кнопку, чтобы получить данные вашей Сделки из Amazon MWS."
apps/trava_erpnext/trava_erpnext/sale_commission/doctype/commission_agent_report/commission_agent_report.js,Close,Закрыть
DocType: Commission Agent Report,Closed,Закрыт
apps/trava_erpnext/trava_erpnext/sale_commission/doctype/commission_agent_report/commission_agent_report.py,Closed order cannot be cancelled. Unclose to cancel.,Закрытый заказ не может быть отменен. Отменить открываться.
apps/trava_erpnext/trava_erpnext/wb_selling/report/wb_sales_by_sales_report/wb_sales_by_sales_report.py,Code WB,Код WB
Custom Field - label: Customer-code_reason_registration,Code reason registration,Код причины регистрации
DocType: WB Price,Collection,Коллекция
DocType: Agreement,Commission,Комиссионный сбор
DocType: Commission Agent Report,Commission Agent Report,Отчет комиссионера
DocType: Commission Agent Report Item,Commission Agent Report Item,Пункт отчета комиссионера
,Commission Goods,Комиссионные товары
DocType: Commission Agent Report,Commission Rate,Комиссия
apps/trava_erpnext/trava_erpnext/wb_selling/report/wb_sales_by_sales_report/wb_sales_by_sales_report.py,Commission WB,Комиссия ВБ
DocType: Commission Agent Report,Commission agent's remuneration,Вознаграждение комиссионера
DocType: Commission Agent Report,Commission agent's remuneration (Company Currency),Вознаграждение комиссионера (валюта компании)
apps/trava_erpnext/trava_erpnext/wb_selling/report/wb_sales_by_sales_report/wb_sales_by_sales_report.py,Commission percent WB,Процент комиссии ВБ
apps/trava_erpnext/trava_erpnext/wb_selling/report/wb_summary_report/wb_summary_report.py,Commission percent wb,Процент комиссии wb
DocType: WB Sales by Sales,Commission percentage,Процент комиссии
Custom Field - label: Print Settings-compact_item_print,Compact Item Print,Компактный товара печати
DocType: Agreement,Company,Организация
DocType: Commission Agent Report,Company Address,Адрес компании
DocType: Commission Agent Report,Company Address Name,Название компании
apps/trava_erpnext/trava_erpnext/wb_selling/report/wb_price/wb_price.js,Company for valuation rate selection,Компания по выбору курса оценки
DocType: Commission Agent Report,Completed,Завершено
DocType: Commission Agent Report,Contact,Контакты
DocType: Commission Agent Report,Contact Email,Эл.почта для связи
DocType: Commission Agent Report,Contact Person,Контактное Лицо
DocType: WB Sales by Sales,Contract,Контракт
DocType: WB Stocks,Contract code,Код контракта
Custom Field - label: Bank-correspondent_account,Correspondent account,Корреспондентский счет
DocType: WB Price,Cost,Стоимость
DocType: WB Sales by Sales,Cost Amount,Сумма затрат
apps/trava_erpnext/trava_erpnext/sale_commission/doctype/commission_agent_report/commission_agent_report.js,Cost Center For Item with Item Code ',Центр Стоимость для элемента данных с Код товара '
DocType: WB Sales by Sales,Cost of logistics,Стоимость логистики
DocType: WB Sales,Country,Страна
apps/trava_erpnext/trava_erpnext/sale_commission/doctype/commission_agent_report/commission_agent_report.js,Create,Создать
DocType: WB Settings,Create Commission Agent Report,Создать отчет комиссионера
apps/trava_erpnext/trava_erpnext/public/js/sales_order.js,Creating Purchase Order ...,Создание заказа на поставку ...
DocType: Commission Agent Report,Creation Date,Дата создания
DocType: Commission Agent Report,Currency,Валюта
DocType: Commission Agent Report,Currency and Price List,Валюта и прайс-лист
DocType: WB Price,"Current discount on the site,%","Текущая скидка на сайте,%"
DocType: WB Price,Current net profit,Текущая чистая прибыль
DocType: WB Price,Current price with discounts,Текущая цена со скидками
DocType: WB Price,Current price with discounts and promo codes,Текущая цена со скидками и промокодами
DocType: WB Price,"Current promo code discount,%","Скидка по действующему промокоду,%"
DocType: WB Price,Current retail price(before discount),Текущая розничная цена (до скидки)
DocType: Agreement,Customer,Клиент
DocType: Commission Agent Report,Customer Address,Клиент Адрес
DocType: WB Settings,Customer Group,Группа клиентов
DocType: Agreement,Customer Name,Имя клиента
DocType: WB Settings,Customer Type,Тип клиента
DocType: Commission Agent Report Item,Customer Warehouse (Optional),Склад Клиент (Необязательно)
apps/trava_erpnext/trava_erpnext/sale_commission/doctype/commission_agent_report/commission_agent_report.py,Customer {0} does not belong to project {1},Клиент {0} не относится к проекту {1}
DocType: Label Printing Item,Customer's Item Code,Клиентский код продукта
DocType: WB Settings,DE,Делавэр
DocType: WB Orders,Date  updated in WB,Дата обновлена ??в ВБ
DocType: WB Sales,Date and time  updated in WB,Дата и время обновлены в WB
DocType: WB Orders,Date and time updated in WB,Дата и время обновлены в WB
DocType: WB Price,Date of appearance of the illiquid,Дата появления неликвида
DocType: WB Orders,Date of order cancellation,Дата отмены заказа
DocType: WB Sales,Date of sale,Дата продажи
DocType: Commission Agent Report,Date of the incoming report,Дата входящего отчета
DocType: WB Orders,Date orders,Дата заказов
apps/trava_erpnext/trava_erpnext/wb_selling/report/wb_purchase/wb_purchase.js,Days from purchase to delivery,Дней от покупки до доставки
apps/trava_erpnext/trava_erpnext/wb_selling/report/wb_purchase/wb_purchase.js,Days until next purchase,Дней до следующей покупки
apps/trava_erpnext/trava_erpnext/sale_commission/doctype/commission_agent_report/commission_agent_report.js,Declare Lost,Объявить потерянным
DocType: Commission Agent Report Item,Delivered Qty,Поставляемое кол-во
apps/trava_erpnext/trava_erpnext/public/js/sales_invoice.js,Delivery,Доставка
apps/trava_erpnext/trava_erpnext/public/js/sales_order.js,Delivery Date,Дата поставки
apps/trava_erpnext/trava_erpnext/public/js/sales_order.js,Delivery Note,Накладная
DocType: Commission Agent Report Item,Delivery Warehouse,Доставка Склад
DocType: WB Orders,Delivery number,Номер доставки
DocType: Commission Agent Report Item,Description,Описание
apps/trava_erpnext/trava_erpnext/wb_selling/report/wb_price/wb_price.py,Desired net profit,Желаемая чистая прибыль
apps/trava_erpnext/trava_erpnext/sale_commission/doctype/commission_agent_report/commission_agent_report.js,Detailed Reason,Подробная причина
apps/trava_erpnext/trava_erpnext/sale_commission/report/commission_goods/commission_goods.js,Didn't report back,Не сообщил
DocType: Commission Agent Report Item,Discount (%) on Price List Rate with Margin,Скидка (%) на цену Прейскурант с маржой
DocType: Commission Agent Report Item,Discount Amount,Сумма скидки
DocType: Commission Agent Report Item,Discount and Margin,Скидка и маржа
DocType: WB Sales,District,Округ
DocType: WB Sales,Document number,Номер документа
DocType: WB Sales by Sales,Document type,Тип документа
DocType: WB Settings,Domain,Домен
apps/trava_erpnext/trava_erpnext/wb_selling/report/wb_summary_report/wb_summary_report.py,Domodedovo Warehouse,Домодедово Склад
DocType: Commission Agent Report,Draft,Черновик
DocType: Commission Agent Report Item,Drop Ship,Корабль падения
DocType: WB Settings,ES,ES
apps/trava_erpnext/trava_erpnext/wb_selling/report/wb_summary_report/wb_summary_report.py,Elektrostal Warehouse,Электросталь склад
DocType: WB Settings,Enable Scheduled Sync,Включить синхронизацию по расписанию
DocType: WB Settings,Enable WB,Включить WB
DocType: Agreement,End Date,Дата окончания
DocType: Commission Agent Report Item,Ensure Delivery Based on Produced Serial No,Обеспечить доставку на основе серийного номера
DocType: Commission Agent Report,Exchange Rate,Курс обмена
apps/trava_erpnext/trava_erpnext/agreement/doctype/agreement/agreement.py,Expected Start Date should be after End Date,Ожидаемая дата начала должна быть позже даты окончания.
DocType: WB Settings,FR,FR
apps/trava_erpnext/trava_erpnext/sale_commission/doctype/commission_agent_report/commission_agent_report.js,"For 'Product Bundle' items, Warehouse, Serial No and Batch No will be considered from the 'Packing List' table. If Warehouse and Batch No are same for all packing items for any 'Product Bundle' item, those values can be entered in the main Item table, values will be copied to 'Packing List' table.","Для элементов 'Товарный набор', складской номер, серийный номер и номер партии будет подтягиваться из таблицы ""Упаковочный лист"". Если складской номер и номер партии одинаковы для всех пакуемых единиц для каждого наименования ""Товарного набора"", эти номера можно ввести в таблице основного наименования, значения будут скопированы в таблицу ""Упаковочного листа""."
DocType: Commission Agent Report Item,For Production,Для производства
apps/trava_erpnext/trava_erpnext/public/js/sales_order.js,For Warehouse,Для Склада
apps/trava_erpnext/trava_erpnext/sale_commission/doctype/commission_agent_report/commission_agent_report.js,"For row {0} in {1}. To include {2} in Item rate, rows {3} must also be included",Для ряда {0} {1}. Чтобы включить {2} в размере Item ряды также должны быть включены {3}
DocType: Commission Agent Report,From Date,С
apps/trava_erpnext/trava_erpnext/wb_selling/report/wb_price/wb_price.js,From current net profit,Из текущей чистой прибыли
DocType: WB Settings,From date,С даты
apps/trava_erpnext/trava_erpnext/wb_selling/report/wb_price/wb_price.js,From new net profit,Из новой чистой прибыли
apps/trava_erpnext/trava_erpnext/wb_selling/report/wb_price/wb_price.js,From sales,От продаж
apps/trava_erpnext/trava_erpnext/wb_selling/report/wb_price/wb_price.js,From the current discount,С действующей скидки
apps/trava_erpnext/trava_erpnext/wb_selling/report/wb_price/wb_price.js,From the current price with discount,От действующей цены со скидкой
apps/trava_erpnext/trava_erpnext/wb_selling/report/wb_price/wb_price.js,From the current price with discount and promo code,От действующей цены со скидкой и промокодом
apps/trava_erpnext/trava_erpnext/wb_selling/report/wb_price/wb_price.js,From the current price without discounts,От актуальной цены без скидок
apps/trava_erpnext/trava_erpnext/wb_selling/report/wb_price/wb_price.js,From the current promo code,С действующего промокода
apps/trava_erpnext/trava_erpnext/wb_selling/report/wb_price/wb_price.js,From the date of sales,Со дня продажи
apps/trava_erpnext/trava_erpnext/wb_selling/report/wb_price/wb_price.js,From the new discount,С новой скидки
apps/trava_erpnext/trava_erpnext/wb_selling/report/wb_price/wb_price.js,From the new price,С новой цены
apps/trava_erpnext/trava_erpnext/wb_selling/report/wb_price/wb_price.js,From the new price with discount,От новой цены со скидкой
apps/trava_erpnext/trava_erpnext/wb_selling/report/wb_price/wb_price.js,From the new price with discount and promo code,От новой цены со скидкой и промокодом
apps/trava_erpnext/trava_erpnext/wb_selling/report/wb_price/wb_price.js,From the new promo code discount,По новому промокоду скидка
apps/trava_erpnext/trava_erpnext/wb_selling/report/wb_price/wb_price.js,From the remnant,Из остатка
apps/trava_erpnext/trava_erpnext/wb_selling/report/wb_price/wb_price.js,From the turnover rate,От скорости оборота
apps/trava_erpnext/trava_erpnext/sale_commission/doctype/commission_agent_report/commission_agent_report_dashboard.py,Fulfillment,свершение
DocType: Commission Agent Report,Fully Billed,Выставлены счет(а) полностью
DocType: WB Settings,Get financial breakup of Taxes and charges data by Amazon ,Получите финансовую разбивку данных по налогам и сборам Amazon
apps/trava_erpnext/trava_erpnext/public/js/sales_order.js,Get items from,Получить продукты от
Custom Field - label: Project-github_sync_id,GitHub Sync ID,Идентификатор синхронизации GitHub
DocType: Commission Agent Report,Grand Total,Общий итог
DocType: Commission Agent Report,Grand Total (Company Currency),Общий итог (Компания Валюта)
apps/trava_erpnext/trava_erpnext/sale_commission/report/commission_goods/commission_goods.js,Greater than zero,Больше нуля
DocType: Commission Agent Report Item,Gross Profit,Валовая прибыль
DocType: Commission Agent Report,Group same items,Сгруппировать похожие продукты
apps/trava_erpnext/trava_erpnext/sale_commission/report/commission_goods/commission_goods.py,Handed,Вручен
apps/trava_erpnext/trava_erpnext/sale_commission/doctype/commission_agent_report/commission_agent_report.js,Hold,Удержание
Custom Field - label: Item-hub_sync_id,Hub Sync ID,Идентификатор синхронизации концентратора
DocType: WB Settings,IN,В
DocType: WB Settings,IT,ЭТО
apps/trava_erpnext/trava_erpnext/public/js/sales_order.js,Ignore Existing Ordered Qty,Игнорировать уже заказанное количество
DocType: Commission Agent Report,Ignore Pricing Rule,Игнорировать правило ценообразования
DocType: Label Printing Item,Image,Изображение
DocType: Label Printing Item,Image View,Просмотр изображения
DocType: Commission Agent Report,In Words,Прописью
DocType: Commission Agent Report,In Words (Company Currency),В Слов (Компания валюте)
DocType: Commission Agent Report,In Words will be visible once you save the Sales Order.,"В словах будет видно, как только вы сохраните Сделку."
apps/trava_erpnext/trava_erpnext/wb_selling/report/wb_price/wb_price.py,"In the line with the value of the barcode %s, the ",
apps/trava_erpnext/trava_erpnext/public/js/sales_order.js,Include Exploded Items,Включить раздробленные элементы
DocType: Commission Agent Report,Incoming number,Входящий номер
DocType: WB Settings,Individual,Частное лицо
DocType: WB Sales,Initial retail price of the product,Начальная розничная цена товара
DocType: Commission Agent Report,Inter Company Order Reference,Ссылка на заказ внутри компании
apps/trava_erpnext/trava_erpnext/public/js/sales_invoice.js,Invoice Discounting,Дисконтирование счета
Custom Field - label: Contact-is_billing_contact,Is Billing Contact,Контактное лицо для выставления счетов
DocType: Commission Agent Report Item,Is Free Item,Это бесплатный товар
apps/trava_erpnext/trava_erpnext/sale_commission/report/commission_goods/commission_goods.js,Item,Продукт
DocType: Label Printing Item,Item Code,Код продукта
DocType: Commission Agent Report Item,Item Group,Продуктовая группа
DocType: Label Printing Item,Item Name,Название продукта
DocType: Commission Agent Report Item,Item Tax Rate,Ставка налогов на продукт
DocType: Commission Agent Report Item,Item Tax Template,Шаблон налога
DocType: Commission Agent Report Item,Item Weight Details,Деталь Вес Подробности
apps/trava_erpnext/trava_erpnext/public/js/sales_order.js,Item name,Название предмета
DocType: Label Printing,Items,Продукты
apps/trava_erpnext/trava_erpnext/public/js/sales_order.js,Items Required,Необходимые предметы
apps/trava_erpnext/trava_erpnext/public/js/sales_order.js,Items for Raw Material Request,Товары для запроса сырья
DocType: WB Settings,JP,JP
DocType: WB Sales by Sales,Justification for payment,Обоснование платежа
apps/trava_erpnext/trava_erpnext/wb_selling/report/wb_summary_report/wb_summary_report.py,Kazan Warehouse,Казанский склад
apps/trava_erpnext/trava_erpnext/wb_selling/report/wb_summary_report/wb_summary_report.py,Khabarovsk Warehouse,Хабаровск склад
apps/trava_erpnext/trava_erpnext/wb_selling/report/wb_summary_report/wb_summary_report.py,Koledino Warehouse,Коледино склад
apps/trava_erpnext/trava_erpnext/wb_selling/report/wb_summary_report/wb_summary_report.py,Krasnodar Warehouse,Краснодарский склад
DocType: Label Printing,Label Printing,Печать этикеток
DocType: Label Printing Item,Label Printing Item,Этикетка для печати
DocType: WB Price,Last barcode,Последний штрих-код
DocType: Commission Agent Report,Letter Head,Письмо
DocType: WB Sales by Sales,Line number,Номер строчки
apps/trava_erpnext/trava_erpnext/wb_selling/report/wb_summary_report/wb_summary_report.py,Logistics percent,Логистика в процентах
apps/trava_erpnext/trava_erpnext/sale_commission/doctype/commission_agent_report/commission_agent_report.js,Lost Reasons,Потерянные Причины
DocType: Commission Agent Report,Loyalty Amount,Сумма лояльности
DocType: Commission Agent Report,Loyalty Points,Точки лояльности
DocType: Commission Agent Report,Loyalty Points Redemption,Выкуп лояльности очков
DocType: WB Settings,MWS Auth Token,Токен аутентификации MWS
DocType: WB Settings,MX,MX
apps/trava_erpnext/trava_erpnext/public/js/sales_order.js,Maintenance Schedule,График технического обслуживания
DocType: Agreement,Maintenance User,Сотрудник обслуживания
apps/trava_erpnext/trava_erpnext/public/js/sales_order.js,Maintenance Visit,Техническое обслуживание Посетить
apps/trava_erpnext/trava_erpnext/sale_commission/doctype/commission_agent_report/commission_agent_report.js,Mandatory,Обязательный
DocType: Commission Agent Report Item,Manufacturing Section,Производственный отдел
DocType: Commission Agent Report Item,Margin Rate or Amount,Маржинальная ставка или сумма
DocType: Commission Agent Report Item,Margin Type,Тип маржа
DocType: WB Settings,Market Place Account Group,Группа учета рынка
DocType: WB Settings,Market Place ID,Идентификатор рынка
apps/trava_erpnext/trava_erpnext/public/js/sales_order.js,Material Request,Запрос материала
apps/trava_erpnext/trava_erpnext/public/js/sales_order.js,Material Request {0} submitted.,Запрос материала {0} отправлен.
DocType: WB Settings,Max Retry Limit,Максимальный лимит регрессии
apps/trava_erpnext/trava_erpnext/wb_selling/report/wb_summary_report/wb_summary_report.py,Minus logistics,Минус логистика
apps/trava_erpnext/trava_erpnext/wb_selling/report/wb_summary_report/wb_summary_report.py,Minus storage in the warehouse,Минус хранения на складе
DocType: Commission Agent Report,Mobile No,Мобильный номер
apps/trava_erpnext/trava_erpnext/wb_selling/report/wb_summary_report/wb_summary_report.js,Monthly,Ежемесячно
DocType: Commission Agent Report,More Information,Больше информации
apps/trava_erpnext/trava_erpnext/wb_selling/report/wb_summary_report/wb_summary_report.py,Name,Имя
DocType: Commission Agent Report Item,Net Amount,Чистая сумма
DocType: Commission Agent Report Item,Net Amount (Company Currency),Чистая сумма (валюта Компании)
DocType: Commission Agent Report Item,Net Rate,Нетто-ставка
DocType: Commission Agent Report Item,Net Rate (Company Currency),Чистая скорость (Компания валют)
DocType: Commission Agent Report,Net Total,Чистая Всего
DocType: Commission Agent Report,Net Total (Company Currency),Чистая Всего (Компания Валюта)
apps/trava_erpnext/trava_erpnext/wb_selling/report/wb_sales_by_sales_report/wb_sales_by_sales_report.py,Net profit,Чистая прибыль
apps/trava_erpnext/trava_erpnext/wb_selling/report/wb_summary_report/wb_summary_report.py,Net profit on the report,Чистая прибыль по отчету
apps/trava_erpnext/trava_erpnext/wb_selling/report/wb_summary_report/wb_summary_report.py,Net profit percent,Процент чистой прибыли
apps/trava_erpnext/trava_erpnext/wb_selling/report/wb_price/wb_price.js,New discount,Новая скидка
DocType: WB Price,New net profit,Новая чистая прибыль
apps/trava_erpnext/trava_erpnext/wb_selling/report/wb_price/wb_price.js,New price,Новая цена
DocType: WB Price,New price with discounts,Новая цена со скидками
DocType: WB Price,New price with discounts and promo codes,Новая цена со скидками и промокодами
apps/trava_erpnext/trava_erpnext/wb_selling/report/wb_price/wb_price.js,New promo code,Новый промокод
DocType: WB Price,"New promo code discount,%","Скидка по новому промокоду,%"
DocType: WB Price,New retail price (before discount),Новая розничная цена (до скидки)
apps/trava_erpnext/trava_erpnext/public/js/sales_order.js,No Items with Bill of Materials to Manufacture,Нет предметов с Биллом материалов не Manufacture
apps/trava_erpnext/trava_erpnext/public/js/sales_order.js,No Items with Bill of Materials.,Нет предметов с ведомостью материалов.
DocType: WB Price,Nomenclature (Code 1C),Номенклатура (Код 1С)
apps/trava_erpnext/trava_erpnext/sale_commission/doctype/commission_agent_report/commission_agent_report.py,Nos,кол-во
DocType: Commission Agent Report,Not Billed,Счета не выставленны
apps/trava_erpnext/trava_erpnext/sale_commission/doctype/commission_agent_report/commission_agent_report.py,Not Paid,Не оплачено
apps/trava_erpnext/trava_erpnext/sale_commission/doctype/commission_agent_report/commission_agent_report.py,Not permitted,Не разрешено
apps/trava_erpnext/trava_erpnext/public/js/sales_order.js,Note,Заметки
apps/trava_erpnext/trava_erpnext/wb_selling/report/wb_summary_report/wb_summary_report.py,Novosibirsk Warehouse,Новосибирск склад
DocType: WB Price,Number of days on the site,Количество дней на сайте
DocType: WB Sales by Sales,Number of deliveries,Количество доставок
DocType: WB Sales by Sales,Number of returns,Количество возвратов
DocType: WB Price,Number of sales,Количество продаж
apps/trava_erpnext/trava_erpnext/wb_selling/report/wb_price/wb_price.py,Number of sales in the last month,Количество продаж за последний месяц
DocType: Commission Agent Report,On Hold,На удерживании
apps/trava_erpnext/trava_erpnext/sale_commission/report/commission_goods/commission_goods.js,On date,На свидании
DocType: WB Stocks,On the way from the client (pieces),В пути от клиента (шт.)
DocType: WB Stocks,On the way to the client (pieces),В пути к клиенту (шт.)
DocType: WB Sales by Sales,Order date,Дата заказа
DocType: WB Orders,Order number,Порядковый номер
DocType: Commission Agent Report Item,Ordered Qty,Заказал Кол-во
apps/trava_erpnext/trava_erpnext/sale_commission/doctype/commission_agent_report/commission_agent_report.py,Orders,Заказы
DocType: Commission Agent Report,Packed Items,Упакованные продукты
DocType: Commission Agent Report,Packing List,Список упаковки
DocType: Commission Agent Report Item,Page Break,Разрыв страницы
apps/trava_erpnext/trava_erpnext/sale_commission/doctype/commission_agent_report/commission_agent_report.py,Paid,Оплачено
DocType: Commission Agent Report,Partly Billed,Выставлены счет(а) частично
DocType: Commission Agent Report,Party Account Currency,Партия Валюта счета
apps/trava_erpnext/trava_erpnext/sale_commission/doctype/commission_agent_report/commission_agent_report.js,Payment,Оплата
apps/trava_erpnext/trava_erpnext/public/js/sales_order.js,Payment Request,Платежная заявка
apps/trava_erpnext/trava_erpnext/public/js/sales_order.js,Pending Qty,В ожидании Кол-во
DocType: Commission Agent Report Item,Percentage,процент
DocType: WB Deductions,Percentage of remuneration WB,Процент вознаграждения ВБ
DocType: Commission Agent Report,Phone,Телефон
apps/trava_erpnext/trava_erpnext/public/js/sales_order.js,Pick List,Список выбора
DocType: Commission Agent Report Item,Planned Quantity,Планируемый Количество
DocType: Label Printing Item,Planning,Планирование
apps/trava_erpnext/trava_erpnext/sale_commission/doctype/commission_agent_report/commission_agent_report.js,Please select Charge Type first,"Пожалуйста, выберите Charge Тип первый"
apps/trava_erpnext/trava_erpnext/sale_commission/doctype/commission_agent_report/commission_agent_report.js,Please select a Company first.,"Пожалуйста, сначала выберите компанию."
apps/trava_erpnext/trava_erpnext/sale_commission/doctype/commission_agent_report/commission_agent_report.js,Please set Company,Укажите компанию
apps/trava_erpnext/trava_erpnext/public/js/sales_invoice.js,Please specify Company to proceed,"Пожалуйста, сформулируйте Компания приступить"
apps/trava_erpnext/trava_erpnext/sale_commission/doctype/commission_agent_report/commission_agent_report.js,Please specify a valid Row ID for row {0} in table {1},"Пожалуйста, укажите действительный идентификатор строки для строки {0} в таблице {1}"
apps/trava_erpnext/trava_erpnext/wb_selling/report/wb_summary_report/wb_summary_report.py,Podolsk Warehouse,Подольск Склад
DocType: WB Sales,Price,Цена
DocType: Commission Agent Report,Price List,Прайс-лист
DocType: Commission Agent Report,Price List Currency,Прайс-лист валют
DocType: Commission Agent Report,Price List Exchange Rate,Прайс-лист валютный курс
DocType: Commission Agent Report Item,Price List Rate,Прайс-лист Оценить
DocType: Commission Agent Report Item,Price List Rate (Company Currency),Прайс-лист Тариф (Компания Валюта)
DocType: WB Orders,Price up to the agreed discount / promo/spp,Цена до согласованной скидки / промо / spp
DocType: Commission Agent Report,Pricing Rule Detail,Детализация правила ценообразования
DocType: Commission Agent Report,Pricing Rules,Правила ценообразования
DocType: Label Printing,Print,печать
DocType: Commission Agent Report,Print Heading,Распечатать Заголовок
DocType: Commission Agent Report,Print Language,Язык печати
DocType: Commission Agent Report,Print Settings,Настройки печати
Custom Field - label: Print Settings-print_uom_after_quantity,Print UOM after Quantity,Печать единиц измерения после количества
Custom Field - label: Print Settings-print_taxes_with_zero_amount,Print taxes with zero amount,Печать налогов с нулевой суммой
DocType: Commission Agent Report Item,Produced Quantity,Добытое количество
DocType: Commission Agent Report,Project,Проект
DocType: Commission Agent Report Item,Projected Qty,Прогнозируемое кол-во
apps/trava_erpnext/trava_erpnext/sale_commission/doctype/commission_agent_report/commission_agent_report_dashboard.py,Projects,Проекты
DocType: WB Sales by Sales,Promo code,Промо-код
DocType: Agreement,Purchase,Купить
apps/trava_erpnext/trava_erpnext/public/js/sales_order.js,Purchase Order,Заказ на покупку
apps/trava_erpnext/trava_erpnext/public/js/sales_order.js,Purchase Order already created for all Sales Order items,Заказ на поставку уже создан для всех позиций заказа на продажу
apps/trava_erpnext/trava_erpnext/wb_selling/report/wb_summary_report/wb_summary_report.py,Purchase percent,Процент покупки
apps/trava_erpnext/trava_erpnext/wb_selling/report/wb_sales_by_sales_report/wb_sales_by_sales_report.py,Purchase price,Цена
apps/trava_erpnext/trava_erpnext/wb_selling/report/wb_summary_report/wb_summary_report.py,Pushkino Warehouse,Пушкино склад
apps/trava_erpnext/trava_erpnext/wb_selling/report/wb_sales_by_sales_report/wb_sales_by_sales_report.py,Qty,Кол-во
DocType: Commission Agent Report Item,Qty as per Stock UOM,Кол-во в соответствии с ед.измерения запасов
DocType: WB Stocks,Qty not in order,Кол-во не в порядке
apps/trava_erpnext/trava_erpnext/wb_selling/report/wb_purchase/wb_purchase.js,Qty of recent days for which you need to calculate the average implementation,"Количество последних дней, для которых нужно рассчитать среднюю реализацию"
apps/trava_erpnext/trava_erpnext/wb_selling/report/wb_purchase/wb_purchase.py,Qty required to purchase,"Кол-во, необходимое для покупки"
DocType: Label Printing Item,Quantity,Количество
DocType: Label Printing Item,Quantity and Rate,Количество и курс
DocType: WB Stocks,Quantity available for sale,Количество в продаже
apps/trava_erpnext/trava_erpnext/overrides/packing_slip.py,Quantity for Item {0} must be less than {1},Количество по пункту {0} должно быть меньше {1}
DocType: WB Stocks,Quantity full,Количество полное
apps/trava_erpnext/trava_erpnext/wb_selling/report/wb_summary_report/wb_summary_report.js,Quarterly,Ежеквартально
DocType: Commission Agent Report Item,Quotation,Предложение
apps/trava_erpnext/trava_erpnext/wb_selling/report/wb_summary_report/wb_summary_report.js,Range,Диапазон
DocType: Commission Agent Report Item,Rate,Ставка
DocType: Commission Agent Report Item,Rate With Margin,Оценить с маржой
DocType: Commission Agent Report Item,Rate With Margin (Company Currency),Ставка с маржей (валюта компании)
DocType: Commission Agent Report,Rate at which Price list currency is converted to company's base currency,Курс по которому валюта Прайс листа конвертируется в базовую валюту компании
DocType: Commission Agent Report,Rate at which customer's currency is converted to company's base currency,"Курс, по которому валюта клиента конвертируется в базовую валюту компании"
apps/trava_erpnext/trava_erpnext/sale_commission/doctype/commission_agent_report/commission_agent_report.js,Re-open,Снова откройте
apps/trava_erpnext/trava_erpnext/sale_commission/doctype/commission_agent_report/commission_agent_report.js,Reason for Hold,Причина удержания
apps/trava_erpnext/trava_erpnext/sale_commission/doctype/commission_agent_report/commission_agent_report.js,Reason for hold: ,Причина удержания:
DocType: WB Price,"Recommended discount,%","Рекомендуемая скидка,%"
DocType: WB Settings,Region,Область
apps/trava_erpnext/trava_erpnext/wb_selling/report/wb_sales_by_sales_report/wb_sales_by_sales_report.py,Regular customer Discount,Скидка постоянным клиентам
DocType: WB Sales by Sales,Regular customer discount,Скидка постоянным клиентам
apps/trava_erpnext/trava_erpnext/sale_commission/report/commission_goods/commission_goods.py,Remainder,Остаток
DocType: WB Price,Remains,Останки
DocType: WB Sales by Sales,Remuneration to the buyer,Вознаграждение покупателю
DocType: WB Sales by Sales,Remuneration to the supplier,Вознаграждение поставщику
apps/trava_erpnext/trava_erpnext/wb_selling/report/wb_summary_report/wb_summary_report.py,Remuneration to the supplier on the report,Вознаграждение поставщику по отчету
DocType: WB Sales by Sales,Report number,Номер отчета
apps/trava_erpnext/trava_erpnext/public/js/sales_order.js,Request for Raw Materials,Запрос на сырье
apps/trava_erpnext/trava_erpnext/sale_commission/doctype/commission_agent_report/commission_agent_report.js,Resume,Продолжить
DocType: WB Sales by Sales,Retail price,Розничная цена
DocType: WB Sales by Sales,"Retail price, subject to the agreed discount",Розничная цена с учетом оговоренной скидки
apps/trava_erpnext/trava_erpnext/sale_commission/report/commission_goods/commission_goods.py,Return,Возвращение
apps/trava_erpnext/trava_erpnext/public/js/sales_invoice.js,Return / Credit Note,Возвращение / Кредит Примечание
DocType: Commission Agent Report Item,Returned Qty,Вернулся Кол-во
DocType: Commission Agent Report,Rounded Total,Округлые Всего
DocType: Commission Agent Report,Rounded Total (Company Currency),Округлые Всего (Компания Валюта)
DocType: Commission Agent Report,Rounding Adjustment,Коррекция округления
DocType: Commission Agent Report,Rounding Adjustment (Company Currency),Коррекция округления (валюта компании)
apps/trava_erpnext/trava_erpnext/public/js/packing_slip.js,Row #{0}: Item added,Строка № {0}: пункт добавлен
apps/trava_erpnext/trava_erpnext/public/js/packing_slip.js,Row #{0}: Qty increased by 1,Ряд № {0}: кол-во увеличено на 1
DocType: WB Sales by Sales,SHK,SHK
apps/trava_erpnext/trava_erpnext/wb_selling/report/wb_summary_report/wb_summary_report.py,Saint-Petersburg Warehouse,Санкт-Петербургский склад
DocType: Agreement,Sale,распродажа
DocType: Commission Agent Report,Sale Commission,Комиссия за продажу
apps/trava_erpnext/trava_erpnext/config/selling.py,Sales,Продажи
apps/trava_erpnext/trava_erpnext/sale_commission/doctype/commission_agent_report/commission_agent_report.js,Sales Invoice,Счет на продажу
apps/trava_erpnext/trava_erpnext/sale_commission/doctype/commission_agent_report/commission_agent_report.py,Sales Invoice {0} must be cancelled before cancelling this Commission Agent Report,Счет-фактура продажи {0} должен быть аннулирован перед отменой этого отчета комиссионера.
DocType: Agreement,Sales Manager,Менеджер продаж
apps/trava_erpnext/trava_erpnext/public/js/sales_invoice.js,Sales Order,Сделка
DocType: Commission Agent Report Item,Sales Order Date,Дата Сделки
apps/trava_erpnext/trava_erpnext/public/js/sales_order.js,Sales Order Item,Продукт Сделки
DocType: Commission Agent Report,Sales Partner,Партнер по продажам
DocType: Commission Agent Report,Sales Taxes and Charges,Налоги и сборы с продаж
DocType: Commission Agent Report,Sales Taxes and Charges Template,Продажи Налоги и сборы шаблона
DocType: Commission Agent Report,Sales Team,Отдел продаж
DocType: Agreement,Sales User,Продавец
DocType: WB Sales,Sales agreement,Договор купли-продажи
apps/trava_erpnext/trava_erpnext/sale_commission/report/commission_goods/commission_goods.py,Sales amount,Объем продаж
DocType: WB Sales by Sales,Sales amount(Returns),Сумма продаж (возврат)
apps/trava_erpnext/trava_erpnext/sale_commission/report/commission_goods/commission_goods.py,Sales qty,Кол-во продаж
Custom Field - label: Packing Slip-scan_barcode,Scan Barcode,Сканирование штрих-кода
DocType: WB Settings,Secret Key,Секретный ключ
apps/trava_erpnext/trava_erpnext/public/js/sales_order.js,Select,Выбрать
apps/trava_erpnext/trava_erpnext/public/js/sales_order.js,Select BOM,Выберите BOM
apps/trava_erpnext/trava_erpnext/public/js/sales_order.js,Select BOM and Qty for Production,Выберите BOM и Кол-во для производства
apps/trava_erpnext/trava_erpnext/public/js/sales_order.js,"Select BOM, Qty and For Warehouse","Выберите спецификацию, кол-во и для склада"
apps/trava_erpnext/trava_erpnext/public/js/sales_order.js,Select Items,Выбрать элементы
apps/trava_erpnext/trava_erpnext/public/js/sales_order.js,Select Items based on Delivery Date,Выбрать продукты по дате поставки
apps/trava_erpnext/trava_erpnext/public/js/sales_order.js,Select Items to Manufacture,Выберите продукты для производства
DocType: WB Settings,Seller ID,ID продавца
DocType: Agreement,Series,Идентификатор документа
apps/trava_erpnext/trava_erpnext/sale_commission/doctype/commission_agent_report/commission_agent_report.js,Set as Lost,Установить как Остаться в живых
apps/trava_erpnext/trava_erpnext/config/integrations.py,Settings,Настройки
apps/trava_erpnext/trava_erpnext/config/integrations.py,Settings Wildberries,Настройки Wildberries
DocType: WB Orders,Shipment warehouse,Склад отгрузки
DocType: Commission Agent Report,Shipping Rule,Правило доставки
DocType: Commission Agent Report Item,Shopping Cart,Корзина
DocType: WB Orders,Size,Размер
DocType: Commission Agent Report,Source,Источник
DocType: WB Sales,Source order number,Номер исходного заказа
DocType: Agreement,Start Date,Дата Начала
DocType: Commission Agent Report,Status,Статус
DocType: Commission Agent Report Item,Stock UOM,Единица измерения запасов
DocType: Agreement,Stock User,Пользователь склада
apps/trava_erpnext/trava_erpnext/wb_selling/report/wb_summary_report/wb_summary_report.py,Storage percent,Процент хранения
DocType: WB Sales,Storno,Сторно
DocType: WB Deductions,Subject,Тема
apps/trava_erpnext/trava_erpnext/public/js/sales_order.js,Subscription,Подписка
apps/trava_erpnext/trava_erpnext/public/js/grid.js,Success,Успешно
DocType: Commission Agent Report Item,Supplier,Поставщик
DocType: Commission Agent Report Item,Supplier delivers to Customer,Поставщик поставляет Покупателю
apps/trava_erpnext/trava_erpnext/wb_selling/report/wb_sales_by_sales_report/wb_sales_by_sales_report.py,Supplier promo code,Промокод поставщика
DocType: WB Price,Suppliers article,Статья поставщиков
DocType: WB Sales,Supply contract,Договор поставки
DocType: WB Settings,Sync Orders,Синхронизация заказов
DocType: WB Settings,Sync Products,Синхронизация продуктов
DocType: WB Settings,Sync Report Orders,Заказы на синхронизацию отчетов
DocType: WB Settings,Sync Report Sales,Синхронизация отчетов о продажах
DocType: WB Settings,Sync Report Sales by Sales,Синхронизация отчетов о продажах по продажам
DocType: WB Settings,Sync Taxes and Charges,Синхронизация налогов и сборов
apps/trava_erpnext/trava_erpnext/trava_integrations/doctype/wb_settings/wb_report_methods.py,Sync has been temporarily disabled because maximum retries have been exceeded,"Синхронизация временно отключена, поскольку превышены максимальные повторные попытки"
DocType: WB Settings,System Manager,Менеджер системы
apps/trava_erpnext/trava_erpnext/public/js/grid.js,Table updated,Таблица обновляется
DocType: Commission Agent Report,Tax Breakup,Распределение налогов
DocType: Commission Agent Report,Tax Category,Налоговая категория
DocType: Commission Agent Report,Tax Id,Идентификатор налога
DocType: Commission Agent Report,Taxes and Charges,Налоги и сборы
DocType: Commission Agent Report,Taxes and Charges Calculation,Налоги и сборы Расчет
DocType: Commission Agent Report,Terms,Термины
DocType: Commission Agent Report,Terms and Conditions,Правила и условия
DocType: Commission Agent Report,Terms and Conditions Details,Условия Подробности
DocType: WB Settings,Territory,Территория
DocType: WB Price,"The agreed discount,%","Оговоренная скидка,%"
DocType: Commission Agent Report,The amount in storage at the warehouses,Количество на хранении на складах
DocType: WB Orders,The approved final discount,Утвержденная окончательная скидка
apps/trava_erpnext/trava_erpnext/wb_selling/report/wb_price/wb_price.js,The desired net profit,Желаемая чистая прибыль
DocType: WB Price,The remainder of the goods (units),Остаток товара (шт.)
DocType: Commission Agent Report,This field is filled in only for the report. You must also specify the cost of storage in warehouses in taxes.,Это поле заполняется только для отчета. Также необходимо указать стоимость хранения на складах в налогах.
DocType: Agreement,Title,Заголовок
DocType: Commission Agent Report,To Bill,Укомплектован
DocType: Commission Agent Report,To Date,До
apps/trava_erpnext/trava_erpnext/wb_selling/report/wb_summary_report/wb_summary_report.py,To Date cannot be before From Date.,Дата не может быть раньше даты начала.
DocType: Commission Agent Report,To Deliver,Для доставки
DocType: Commission Agent Report,To Deliver and Bill,Для доставки и оплаты
apps/trava_erpnext/trava_erpnext/wb_selling/report/wb_price/wb_price.js,To current net profit,К текущей чистой прибыли
DocType: WB Settings,To date,На свидание
apps/trava_erpnext/trava_erpnext/wb_selling/report/wb_price/wb_price.js,To new net profit,К новой чистой прибыли
apps/trava_erpnext/trava_erpnext/wb_selling/report/wb_price/wb_price.js,To sales,К продажам
apps/trava_erpnext/trava_erpnext/wb_selling/report/wb_price/wb_price.js,To the current discount,К действующей скидке
apps/trava_erpnext/trava_erpnext/wb_selling/report/wb_price/wb_price.js,To the current price with discount,К актуальной цене со скидкой
apps/trava_erpnext/trava_erpnext/wb_selling/report/wb_price/wb_price.js,To the current price with discount and promo code,К актуальной цене со скидкой и промокодом
apps/trava_erpnext/trava_erpnext/wb_selling/report/wb_price/wb_price.js,To the current price without discounts,К актуальной цене без скидок
apps/trava_erpnext/trava_erpnext/wb_selling/report/wb_price/wb_price.js,To the current promo code,К действующему промокоду
apps/trava_erpnext/trava_erpnext/wb_selling/report/wb_price/wb_price.js,To the date of sales,До даты продажи
apps/trava_erpnext/trava_erpnext/wb_selling/report/wb_price/wb_price.js,To the new discount,На новую скидку
apps/trava_erpnext/trava_erpnext/wb_selling/report/wb_price/wb_price.js,To the new price,К новой цене
apps/trava_erpnext/trava_erpnext/wb_selling/report/wb_price/wb_price.js,To the new price with discount,К новой цене со скидкой
apps/trava_erpnext/trava_erpnext/wb_selling/report/wb_price/wb_price.js,To the new price with discount and promo code,На новую цену со скидкой и промокодом
apps/trava_erpnext/trava_erpnext/wb_selling/report/wb_price/wb_price.js,To the new promo code discount,На новый промокод скидка
apps/trava_erpnext/trava_erpnext/wb_selling/report/wb_price/wb_price.js,To the remnant,К остатку
apps/trava_erpnext/trava_erpnext/wb_selling/report/wb_price/wb_price.js,To the turnover rate,К скорости оборота
DocType: WB Sales by Sales,To transfer VAT to the supplier,Перевести НДС поставщику
DocType: WB Sales,To transfer to the supplier,Передать поставщику
DocType: Commission Agent Report,Total,Общая сумма
DocType: Commission Agent Report,Total (Company Currency),Всего (Компания валют)
DocType: Commission Agent Report,Total Commission,Всего комиссия
DocType: Commission Agent Report,Total Net Weight,Общий вес нетто
DocType: Commission Agent Report,Total Quantity,Общая численность
DocType: Commission Agent Report,Total Taxes and Charges,Общие налоги и сборы
DocType: Commission Agent Report,Total Taxes and Charges (Company Currency),Всего Налоги и сборы (Компания Валюты)
DocType: Commission Agent Report Item,Total Weight,Общий вес
apps/trava_erpnext/trava_erpnext/wb_selling/report/wb_summary_report/wb_summary_report.py,Total qty,Всего кол-во
DocType: Commission Agent Report,Track this Sales Order against any Project,Отслеживайте Сделку из любого Проекта
DocType: WB Sales by Sales,Transaction date,Дата сделки
DocType: WB Sales by Sales,Transaction date and time,Дата и время транзакции
apps/trava_erpnext/trava_erpnext/config/desktop.py,Trava ERPNext,Trava ERPследующий
apps/trava_erpnext/trava_erpnext/config/desktop copy.py,Trava Integrations,Trava Integrations
DocType: WB Settings,Trava integrations,Интеграции Trava
DocType: WB Price,Turnover rate,Скорость оборота
DocType: WB Settings,UK,Великобритания
DocType: Commission Agent Report Item,UOM,Единица измерения
DocType: Commission Agent Report Item,UOM Conversion Factor,Коэффициент пересчета единицы измерения
DocType: WB Settings,US,НАС
DocType: WB Orders,Unique ID of the order item,Уникальный идентификатор позиции заказа
DocType: WB Sales,Unique identifier of the sale/return,Уникальный идентификатор продажи / возврата
DocType: WB Price,Unmarketable,Неликвидный
DocType: Commission Agent Report,Update Auto Repeat Reference,Обновить ссылку на автоматический повтор
apps/trava_erpnext/trava_erpnext/sale_commission/doctype/commission_agent_report/commission_agent_report.js,Update Items,Обновить элементы
DocType: WB Stocks,Update date and time in WB,Дата и время обновления в WB
DocType: WB Stocks,Update date in WB,Дата обновления в ВБ
apps/trava_erpnext/trava_erpnext/wb_selling/report/wb_sales_by_sales_report/wb_sales_by_sales_report.js,Use the amount for warehouse storage from the Commission Agent Report),Используйте сумму для складского хранения из Отчета комиссионера)
DocType: Commission Agent Report Item,Used for Production Plan,Используется для производственного плана
DocType: WB Sales by Sales,VAT rate,Ставка НДС
DocType: Commission Agent Report Item,Valuation Rate,Оценка
apps/trava_erpnext/trava_erpnext/sale_commission/doctype/commission_agent_report/commission_agent_report.js,Valuation type charges can not marked as Inclusive,Обвинения типа Оценка не может отмечен как включено
DocType: WB Deductions,WB Deductions,Отчисления Всемирного банка
Custom Field - label: Item-wb_item_code,WB Item Code,Код позиции WB
DocType: WB Orders,WB Orders,Приказы Всемирного банка
DocType: WB Price,WB Price,Цена WB
,WB Purchase,Покупка ВБ
DocType: WB Sales,WB Sales,ВБ Продажи
,WB Sales Report,Отчет ВБ о продажах
DocType: WB Sales by Sales,WB Sales by Sales,Продажи Всемирного банка по продажам
DocType: WB Sales by Sales Monthly,WB Sales by Sales Monthly,Продажи Всемирного банка по продажам за месяц
,WB Sales by Sales Report,Отчет Всемирного банка по продажам
DocType: WB Deductions,WB Selling,WB Selling
DocType: Commission Agent Report,WB Setting Commission,Комиссия по установлению ВБ
DocType: WB Settings,WB Settings,Настройки баланса белого
DocType: WB Stocks,WB Stocks,Акции ВБ
DocType: WB Subject,WB Subject,Тема WB
,WB Summary Report,Сводный отчет ВБ
DocType: WB Orders,WB code,Код ВБ
DocType: WB Settings,Warehouse,Склад
DocType: Commission Agent Report Item,Warehouse and Reference,Склад и справочники
DocType: WB Stocks,Warehouse name,Название склада
apps/trava_erpnext/trava_erpnext/agreement/doctype/agreement/agreement.py,Warning,Предупреждение
apps/trava_erpnext/trava_erpnext/wb_selling/report/wb_summary_report/wb_summary_report.js,Weekly,Еженедельно
DocType: Commission Agent Report Item,Weight Per Unit,Вес на единицу
DocType: Commission Agent Report Item,Weight UOM,Вес Единица измерения
apps/trava_erpnext/trava_erpnext/public/js/sales_order.js,Work Order,Рабочий заказ
DocType: Commission Agent Report Item,Work Order Qty,Кол-во заказа
apps/trava_erpnext/trava_erpnext/public/js/sales_order.js,Work Order already created for all items with BOM,Рабочий заказ уже создан для всех элементов с спецификацией
apps/trava_erpnext/trava_erpnext/public/js/sales_order.js,Work Order not created,Рабочий заказ не создан
apps/trava_erpnext/trava_erpnext/public/js/sales_order.js,Work Orders Created: {0},Созданы рабочие задания: {0}
apps/trava_erpnext/trava_erpnext/wb_selling/report/wb_summary_report/wb_summary_report.js,Yearly,Ежегодно
apps/trava_erpnext/trava_erpnext/wb_selling/report/wb_summary_report/wb_summary_report.py,Yekaterinburg Warehouse,Екатеринбург Склад
apps/trava_erpnext/trava_erpnext/trava_integrations/doctype/wb_settings/wb_settings.py,You must specify the date from and to.,Вы должны указать дату от и до.
apps/trava_erpnext/trava_erpnext/trava_integrations/doctype/wb_settings/wb_settings.py,You must specify the date from.,Вы должны указать дату с.
DocType: WB Orders,Your article,Ваша статья
apps/trava_erpnext/trava_erpnext/sale_commission/report/commission_goods/commission_goods.js,Zero,Ноль
apps/trava_erpnext/trava_erpnext/sale_commission/doctype/commission_agent_report/commission_agent_report.js,[Error],[Ошибка]
apps/trava_erpnext/trava_erpnext/sale_commission/doctype/commission_agent_report/commission_agent_report.js,cannot be greater than 100,"не может быть больше, чем 100"
DocType: WB Orders,indicates whether the order was canceled,"указывает, был ли заказ отменен"
,sale-commission,комиссия за продажу
apps/trava_erpnext/trava_erpnext/overrides/sales_invoice.py,{0} is mandatory for Item {1},{0} является обязательным для продукта {1}
apps/trava_erpnext/trava_erpnext/sale_commission/doctype/commission_agent_report/commission_agent_report.py,{0} {1} has been modified. Please refresh.,"{0} {1} был изменен. Пожалуйста, обновите."
apps/trava_erpnext/trava_erpnext/trava_integrations/doctype/wb_settings/wb_settings.js,Отчет Sales,Отчет Продажи
apps/trava_erpnext/trava_erpnext/trava_integrations/doctype/wb_settings/wb_settings.js,Отчет Sales by Sales Monthly,Отчет о продажах по реализации за месяц
DocType: WB Settings,Учетные данные WB,
Custom Field - label: Packing Slip-barcode_box_wb,Штрихкод короба для wildberries,
